Stock,Company_Name,Sector,Industry,Market_Cap_Cr,Cap_Class,Monthly_Pattern,Monthly_Pattern_Status,Monthly_Pattern_Quality,Monthly_Pattern_Duration_Mo,Monthly_Pattern_Details,Converging_Signals,Weekly_Trend,Weekly_Above_40MA,Weekly_Volume_Expanding,Daily_Setup,Daily_Above_50MA,Sector_Trend,Sector_Stage2_Age_Mo,Index_Regime,Nifty_Monthly_Trend,CMP,Breakout_Zone,Pattern_Bottom,Stop_Loss,Target_1yr,Target_2yr,Target_3yr,Fair_Value_Estimate,Upside_Potential_Pct,Expected_CAGR_2yr_Pct,PE_Ratio,Forward_PE,PB_Ratio,PEG_Ratio,EV_EBITDA,Dividend_Yield_Pct,Dividend_Growth_3yr_Pct,Analyst_Target,Analyst_Count,Analyst_Recommendation,ROE_Pct,ROCE_Pct,ROCE_Trend,Operating_Margin_Pct,OPM_Trend,Net_Margin_Pct,Return_on_Assets_Pct,Revenue_Growth_TTM_Pct,Revenue_Growth_3yr_CAGR,Revenue_Growth_5yr_CAGR,Profit_Growth_TTM_Pct,Profit_Growth_3yr_CAGR,Profit_Growth_5yr_CAGR,EPS_Growth_Quarterly_Pct,EPS_Consistency_Score,EPS_Consistency_Desc,Debt_to_Equity,DE_Trend,Current_Ratio,Interest_Coverage,Free_Cashflow_Cr,FCF_Yield_Pct,Promoter_Holding_Pct,Promoter_Change_QoQ,Promoter_Pledge_Pct,FII_Holding_Pct,FII_Change_QoQ,DII_Holding_Pct,DII_Change_QoQ,52wk_High,52wk_Low,Dist_From_52wk_High_Pct,Dist_From_52wk_Low_Pct,RS_vs_Nifty_1yr_Pct,RS_vs_Nifty_3yr_Pct,Monthly_Vol_Surge,Beta,Piotroski_F_Score,Fundamental_Score_40,Technical_Score_30,Valuation_Score_20,Momentum_Score_10,Overall_Score_100,Rating_Grade,Why_Buy,Key_Risks,Investment_Horizon,Risk_Level,Data_Sources,Data_Quality_Pct,Monthly_Bars,Next_Earnings,Scan_Date,First_Seen_Date,Days_On_Watchlist,Price_Change_Since_First_Pct,Times_Scanned,Score_vs_First
STOVEKRAFT,Stove Kraft Limited,Consumer Cyclical,"Furnishings, Fixtures & Appliances",2645.0,Small-Cap,MonthlyStage2,Stage Change,1.0,24,10-EMA=640 | 30-EMA=623 | Above by 24.4% | MA turning=Yes,MonthlyDoubleBottom+MonthlyStage2,Uptrend,True,False,Tight-Above-MAs,True,Stage2,3,Uptrend,Uptrend,774.95,623.06,453.5,658.71,3073.96,7958.35,53171.12,12784.59,927.0,220.5,62.91,31.41,5.24,0.2,16.42,44.0,20.0,719.0,3,none,67.5,31.8,7.4,13.0,2.86,2.61,4.55,28.21,17.91,11.48,2600.0,,,317.9,0.2,multiple loss years in history,0.23,,0.97,,141.1,5.33,55.79,0.0,,0.81,-0.06,7.97,-0.37,828.0,447.05,6.4,73.3,22.78,21.74,0.34,0.41,6,40.0,28.5,13.0,8.0,89.5,STRONG BUY ⭐⭐⭐⭐⭐,Expected ~220% CAGR (2yr) | Revenue CAGR 18% | Profit CAGR 316% | ROE 68% | ROCE 32% | ROCE trend rising ↑,High PE 63,1-3 years,Low-Medium,"yfinance, screener.in",90,66,,2026-07-15,2026-06-01,44,43.4,6,10.0
LUPIN,Lupin Limited,Healthcare,Drug Manufacturers - Specialty & Generic,114140.0,Large-Cap,MonthlyDoubleBottom,Forming,0.974,41,Sep 41mo | Mid rally 98% | Asymmetry 1%,,Sideways-Above-MA,True,True,Constructive,False,Stage2,6,Uptrend,Uptrend,2287.4,1234.32,618.72,1944.29,12795.24,18546.39,66888.74,29255.05,710.8,184.7,21.46,24.4,5.08,0.17,13.67,72.0,44.22,2483.41,37,buy,29.1,30.3,5.69,32.0,4.29,19.07,12.76,23.12,18.88,13.02,61.98,128.64,54.16,89.0,0.15,highly inconsistent earnings,0.29,,1.9,,4926.22,4.32,46.85,-0.04,,21.7,0.2,25.32,-0.26,2526.9,1836.8,9.5,24.5,26.48,134.47,1.09,0.18,7,40.0,22.19,13.0,8.0,83.2,STRONG BUY ⭐⭐⭐⭐⭐,Expected ~185% CAGR (2yr) | Revenue CAGR 19% | Profit CAGR 129% | ROE 29% | ROCE 30% | ROCE trend rising ↑,Earnings due 2026-08-05 | Pattern still forming (not broken out),1-3 years,Low-Medium,"yfinance, screener.in",100,297,2026-08-05,2026-07-15,2026-06-01,44,0.0,6,2.0
JINDRILL,Jindal Drilling & Industries Limited,Energy,Oil & Gas Equipment & Services,1748.0,Small-Cap,MonthlyDoubleBottom,Forming,1.0,21,Sep 21mo | Mid rally 456% | Asymmetry 0%,MonthlyDoubleBottom+MonthlyStage2,Uptrend,True,False,Constructive,True,Stage2,1,Uptrend,Uptrend,655.45,1032.12,185.38,557.13,1842.12,2386.84,3092.63,2386.84,264.2,90.8,8.3,,0.96,0.28,4.24,17.0,25.99,,0,none,12.5,15.4,2.69,35.0,3.43,21.13,4.92,20.41,24.87,20.16,-2.31,29.57,25.42,-36.6,0.15,highly inconsistent earnings,0.05,,1.58,,130.28,7.45,66.78,0.34,,0.62,-0.23,0.0,0.0,693.5,440.1,5.5,48.9,10.86,69.85,8.92,-0.34,7,40.0,25.0,14.0,4.0,83.0,STRONG BUY ⭐⭐⭐⭐⭐,Expected ~91% CAGR (2yr) | Revenue CAGR 25% | Profit CAGR 30% | ROCE trend rising ↑ | Nearly debt-free | Promoter 67% holding,Pattern still forming (not broken out),1-3 years,Low-Medium,"yfinance, screener.in",100,261,,2026-07-15,2026-06-01,44,0.0,6,0.0
CONSOFINVT,Consolidated Finvest & Holdings Limited,Financial Services,Capital Markets,851.0,Small-Cap,MonthlyStage2,Stage Change,1.0,24,10-EMA=217 | 30-EMA=198 | Above by 32.7% | MA turning=Yes,MonthlyCupHandle+MonthlyDoubleBottom+MonthlyStage2,Uptrend,True,True,Uptrend,True,Stage2,12,Uptrend,Uptrend,263.33,198.41,164.27,223.83,782.27,1447.67,2679.06,1447.67,449.8,134.5,13.46,,0.73,0.16,13.78,43.0,33.9,,0,none,33.6,34.5,,99.18,,86.77,3.22,-87.62,17.57,-0.75,1.58,85.06,53.39,-40.0,0.2,multiple loss years in history,,,190.33,,36.74,4.32,74.89,0.0,,2.58,-1.6,0.02,0.0,269.0,152.0,2.1,73.2,44.02,62.5,0.85,0.53,3,34.0,26.5,12.0,10.0,82.5,STRONG BUY ⭐⭐⭐⭐⭐,Expected ~134% CAGR (2yr) | Revenue CAGR 18% | Profit CAGR 85% | ROE 34% | ROCE 34% | Promoter 75% holding,None identified,1-3 years,Low-Medium,"yfinance, screener.in",90,289,,2026-07-15,2026-06-01,44,13.9,6,7.0
LUMAXTECH,Lumax Auto Technologies Limited,Consumer Cyclical,Auto Parts,10162.0,Mid-Cap,MonthlyDoubleBottom,Forming,1.0,33,Sep 33mo | Mid rally 205% | Asymmetry 2%,,Sideways-Above-MA,True,False,Constructive,False,Stage2,3,Uptrend,Uptrend,1626.1,194.78,63.18,1382.18,3702.9,4033.88,7763.89,5361.8,148.1,57.5,36.5,23.36,8.4,0.81,17.18,37.0,16.26,2042.0,5,strong_buy,26.8,21.4,1.4,14.0,1.03,5.73,8.34,33.9,38.15,34.46,47.16,44.8,45.89,50.9,1.0,steady compounder (low CV),0.83,,1.06,,65.65,0.65,55.98,0.0,,8.38,0.38,16.81,0.29,1898.0,954.1,14.3,70.4,46.64,349.82,0.45,0.43,6,39.0,22.5,13.0,7.0,81.5,STRONG BUY ⭐⭐⭐⭐⭐,Expected ~58% CAGR (2yr) | Revenue CAGR 38% | Profit CAGR 45% | ROE 27% | ROCE 21% | ROCE trend rising ↑,Pattern still forming (not broken out),2-3 years,Medium,"yfinance, screener.in",100,233,,2026-07-15,2026-06-01,44,0.0,6,5.0
MCX,Multi Commodity Exchange of India Limited,Financial Services,Financial Data & Stock Exchanges,70518.0,Large-Cap,MonthlyDoubleBottom,Forming,0.968,25,Sep 25mo | Mid rally 104% | Asymmetry 7%,,Uptrend,True,False,Uptrend,True,Stage2,12,Uptrend,Uptrend,3414.7,251.5,119.52,2902.49,2877.88,4955.71,12395.86,5972.76,45.1,20.5,53.19,33.57,16.76,0.49,37.62,22.0,19.91,3430.14,14,buy,56.3,71.4,10.17,71.0,4.26,54.82,17.92,106.83,64.83,42.56,137.86,107.54,42.71,291.1,0.15,highly inconsistent earnings,0.0,,1.31,,2811.41,3.99,,,,26.07,5.43,54.35,-4.81,3480.0,1460.8,1.9,133.8,99.34,1033.5,0.58,0.6,6,40.0,26.12,8.0,7.0,81.1,STRONG BUY ⭐⭐⭐⭐⭐,Expected ~20% CAGR (2yr) | Revenue CAGR 65% | Profit CAGR 108% | ROE 56% | ROCE 71% | ROCE trend rising ↑,High PE 53 | Earnings due 2026-07-30 | Pattern still forming (not broken out),1-3 years,Low-Medium,"yfinance, screener.in",90,171,2026-07-30,2026-07-15,2026-06-01,44,0.0,6,2.0
NAM-INDIA,Nippon Life India Asset Management Limited,Financial Services,Asset Management,77527.0,Large-Cap,MonthlyDoubleBottom,Forming,1.0,36,Sep 36mo | Mid rally 133% | Asymmetry 3%,,Uptrend,True,False,Tight-Above-MAs,True,Stage2,12,Uptrend,Uptrend,1082.2,412.28,174.58,919.87,585.15,916.21,964.11,751.1,,,51.28,36.19,16.61,1.81,36.86,176.0,-1.3,1163.88,24,buy,34.5,43.8,3.06,69.0,1.11,52.14,25.06,16.12,24.59,15.56,18.9,28.36,17.59,28.8,0.15,highly inconsistent earnings,0.02,,12.5,,1295.47,1.67,71.93,-0.12,,7.35,-0.55,14.77,0.94,1233.5,780.25,12.3,38.7,46.1,289.82,0.71,0.59,7,40.0,28.5,2.0,10.0,80.5,STRONG BUY ⭐⭐⭐⭐⭐,Revenue CAGR 25% | Profit CAGR 28% | ROE 34% | ROCE 44% | ROCE trend rising ↑ | Nearly debt-free,High PE 51 | Pattern still forming (not broken out),1-3 years,Low-Medium,"yfinance, screener.in",100,103,,2026-07-15,2026-06-01,44,0.0,6,0.0
NATIONALUM,National Aluminium Company Limited,Basic Materials,Aluminum,65173.0,Large-Cap,MonthlyDoubleBottom,Forming,0.971,11,Sep 11mo | Mid rally 98% | Asymmetry 1%,,Sideways-Above-MA,True,False,Constructive,False,Stage2,1,Uptrend,Uptrend,398.95,109.96,55.48,339.11,1292.92,1396.93,3279.32,2059.1,250.2,87.1,10.61,9.57,3.02,0.18,7.12,225.0,5.73,403.67,12,hold,29.4,39.6,4.8,44.0,4.69,32.49,18.2,6.28,7.77,14.78,10.04,59.26,34.87,-16.7,0.15,highly inconsistent earnings,0.0,,3.6,,3402.6,5.22,51.28,0.0,,21.99,-0.28,11.22,0.47,445.15,179.93,10.4,121.7,124.1,428.71,0.39,0.61,6,40.0,20.65,12.0,7.0,79.6,BUY ⭐⭐⭐⭐,Expected ~87% CAGR (2yr) | Profit CAGR 59% | ROE 29% | ROCE 40% | ROCE trend rising ↑ | Nearly debt-free,Earnings due 2026-07-30 | Pattern still forming (not broken out),1-3 years,Low-Medium,"yfinance, screener.in",100,326,2026-07-30,2026-07-15,2026-06-01,44,0.0,6,-3.0
SANGHVIMOV,Sanghvi Movers Limited,Industrials,Rental & Leasing Services,3976.0,Small-Cap,MonthlyStage2,Stage Change,1.0,24,10-EMA=354 | 30-EMA=332 | Above by 28.8% | MA turning=Yes,MonthlyCupHandle+MonthlyDoubleBottom+MonthlyStage2,Uptrend,True,False,Tight-Above-MAs,True,Stage2,4,Uptrend,Uptrend,427.9,332.19,209.13,363.71,1323.29,2449.81,4535.34,2449.81,472.5,139.3,21.55,,3.03,0.25,11.08,43.0,58.74,,0,none,15.5,16.7,2.0,37.0,-0.3,17.22,8.16,36.83,47.27,,17.2,85.13,,27.8,0.15,highly inconsistent earnings,0.51,,1.77,,-221.36,-5.57,47.25,0.0,,1.48,0.02,1.3,-0.1,473.0,223.8,9.5,91.2,32.71,-8.16,0.35,0.96,5,29.0,28.5,12.0,10.0,79.5,BUY ⭐⭐⭐⭐,Expected ~139% CAGR (2yr) | Revenue CAGR 47% | Profit CAGR 85% | ROCE trend rising ↑ | OPM 37% | Piotroski F=5 (above average quality),None identified,2-3 years,Medium,"yfinance, screener.in",100,235,,2026-07-15,2026-06-01,44,33.6,6,13.1
KIRLPNU,Kirloskar Pneumatic Company Limited,Industrials,Specialty Industrial Machinery,11587.0,Mid-Cap,MonthlyStage2,Stage Change,1.0,24,10-EMA=1275 | 30-EMA=1142 | Above by 38.5% | MA turning=Yes,MonthlyCupHandle+MonthlyDoubleBottom+MonthlyStage2,Uptrend,True,True,Tight-Above-MAs,True,Stage2,4,Uptrend,Uptrend,1581.5,1141.5,988.59,1344.27,3040.56,5137.84,17755.25,7347.51,224.9,80.2,45.25,33.91,9.28,0.32,31.29,67.0,58.74,1823.33,3,strong_buy,22.6,29.6,-3.09,20.0,1.6,14.34,11.95,8.96,59.43,27.14,20.38,141.65,38.97,79.8,0.15,highly inconsistent earnings,0.0,,2.65,,115.04,0.99,38.81,-0.01,,9.56,2.83,26.53,-1.71,2197.1,990.1,28.0,59.7,20.18,125.03,1.01,0.53,6,36.0,28.5,9.0,5.0,78.5,BUY ⭐⭐⭐⭐,Expected ~80% CAGR (2yr) | Revenue CAGR 59% | Profit CAGR 142% | ROE 23% | ROCE 30% | Nearly debt-free,None identified,1-3 years,Low-Medium,"yfinance, screener.in",100,38,,2026-07-15,2026-06-01,44,0.0,6,2.0
SKYGOLD,Sky Gold and Diamonds Limited,Consumer Cyclical,Luxury Goods,9662.0,Mid-Cap,MonthlyDoubleBottom,Forming,0.372,13,Sep 13mo | Mid rally 40% | Asymmetry 2%,,Uptrend,True,True,Uptrend,True,Stage2,3,Uptrend,Uptrend,638.9,402.85,285.0,543.06,2722.66,4253.49,16442.97,6690.93,565.8,158.0,34.6,20.38,8.06,0.24,23.73,0.0,,597.33,3,strong_buy,29.2,27.0,3.3,7.0,1.1,4.37,14.83,77.42,76.03,,112.03,145.75,,120.8,0.4,lumpy earner,0.72,,1.89,,137.76,1.43,51.74,0.0,,1.2,0.42,13.14,1.48,638.0,246.05,-0.1,159.7,122.82,2124.37,0.6,0.15,5,40.0,17.96,10.0,10.0,78.0,BUY ⭐⭐⭐⭐,Expected ~158% CAGR (2yr) | Revenue CAGR 76% | Profit CAGR 146% | ROE 29% | ROCE 27% | ROCE trend rising ↑,Pattern still forming (not broken out),2-3 years,Medium,"yfinance, screener.in",100,43,,2026-07-15,2026-06-01,44,39.4,6,-5.0
NATCOPHARM,NATCO Pharma Limited,Healthcare,Drug Manufacturers - Specialty & Generic,17626.0,Mid-Cap,MonthlyStage2,Stage Change,1.0,24,10-EMA=985 | 30-EMA=956 | Above by 18.3% | MA turning=Yes,MonthlyCupHandle+MonthlyDoubleBottom+MonthlyStage2,Uptrend,True,False,Uptrend,True,Stage2,6,Uptrend,Uptrend,1130.9,956.11,764.93,961.27,5469.62,4531.71,8634.02,6872.03,300.7,100.2,12.42,21.49,1.91,0.48,11.28,68.0,-45.95,1021.22,9,hold,16.9,17.1,3.4,35.0,4.06,34.78,7.8,-7.95,14.64,14.72,-24.69,25.64,26.26,-34.1,0.15,highly inconsistent earnings,0.08,,3.01,,820.65,4.66,49.41,0.0,,16.99,-0.38,5.63,0.17,1226.8,789.0,7.8,43.3,30.47,43.98,0.36,0.2,7,32.0,26.5,12.0,7.0,77.5,BUY ⭐⭐⭐⭐,Expected ~100% CAGR (2yr) | Profit CAGR 26% | ROCE trend rising ↑ | Nearly debt-free | OPM 35% | FCF yield 4.7%,Earnings due 2026-08-12,1-3 years,Low-Medium,"yfinance, screener.in",100,365,2026-08-12,2026-07-15,2026-06-01,44,0.0,6,-1.0
TIPSMUSIC,Tips Music Limited,Communication Services,Entertainment,9096.0,Mid-Cap,MonthlyStage2,Stage Change,1.0,24,10-EMA=607 | 30-EMA=547 | Above by 21.2% | MA turning=Yes,MonthlyCupHandle+MonthlyStage2,Sideways-Above-MA,True,False,Uptrend,True,Downtrend,0,Uptrend,Uptrend,663.1,546.9,493.7,563.63,915.87,1371.72,3429.22,1772.2,106.9,43.8,42.03,30.54,34.99,0.45,32.43,225.0,12.62,771.0,3,strong_buy,92.33,,,73.42,,57.72,48.7,32.4,,,93.5,,,92.9,0.5,insufficient history,0.02,,3.12,,174.48,1.92,64.15,0.0,,7.99,0.51,5.36,0.42,726.75,481.15,8.8,37.8,17.66,89.05,0.49,0.28,5,40.0,22.5,9.0,6.0,77.5,BUY ⭐⭐⭐⭐,Expected ~44% CAGR (2yr) | Revenue CAGR 32% | Profit CAGR 94% | ROE 92% | Nearly debt-free | Promoter 64% holding,None identified,1-3 years,Low-Medium,"yfinance, screener.in",70,289,,2026-07-15,2026-06-01,44,1.8,6,-1.0
RRKABEL,R R Kabel Limited,Industrials,Electrical Equipment & Parts,25174.0,Mid-Cap,MonthlyStage2,Breaking Out,1.0,24,10-EMA=1502 | 30-EMA=1429 | Above by 34.3% | MA turning=Yes,,Uptrend,True,False,Tight-Above-MAs,True,Stage2,4,Uptrend,Uptrend,1918.9,1428.79,885.37,1631.07,1859.12,2374.29,3505.7,2552.95,23.7,11.2,51.02,32.51,9.78,1.37,33.05,50.0,22.39,2106.31,13,strong_buy,21.3,28.1,2.2,8.0,-0.2,5.06,10.62,27.62,20.19,28.98,57.69,37.32,29.52,30.1,0.15,highly inconsistent earnings,0.13,,1.65,,-191.82,-0.76,61.65,0.0,,9.1,0.7,13.33,-0.61,2549.0,1165.0,24.7,64.7,50.79,,2.07,1.45,5,35.0,30.0,4.0,8.0,77.0,BUY ⭐⭐⭐⭐,Expected ~11% CAGR (2yr) | Revenue CAGR 20% | Profit CAGR 37% | ROE 21% | ROCE 28% | ROCE trend rising ↑,High PE 51,1-3 years,Low-Medium,"yfinance, screener.in",100,33,,2026-07-15,2026-06-01,44,0.0,6,-2.0
ZYDUSLIFE,Zydus Lifesciences Limited,Healthcare,Drug Manufacturers - Specialty & Generic,114793.0,Large-Cap,MonthlyDoubleBottom,Forming,1.0,8,Sep 8mo | Mid rally 1741% | Asymmetry 1%,MonthlyCupHandle+MonthlyDoubleBottom,Uptrend,True,False,Uptrend,True,Stage2,6,Uptrend,Uptrend,1155.0,64.09,3.47,981.75,3548.9,3307.84,6448.73,4783.92,186.4,69.2,22.99,24.41,4.27,0.66,17.02,9.0,63.86,1093.71,31,hold,21.2,21.2,2.14,31.0,2.14,18.57,8.07,16.81,16.35,12.45,9.65,34.8,18.59,8.7,0.15,highly inconsistent earnings,0.42,,1.27,,1331.01,1.16,75.02,0.02,,6.89,-0.06,11.27,0.07,1181.5,835.5,2.2,38.2,18.63,61.4,0.58,0.4,6,37.0,25.0,9.0,6.0,77.0,BUY ⭐⭐⭐⭐,Expected ~69% CAGR (2yr) | Revenue CAGR 16% | Profit CAGR 35% | ROE 21% | ROCE 21% | ROCE trend rising ↑,Earnings due 2026-08-12 | Pattern still forming (not broken out),2-3 years,Medium,"yfinance, screener.in",100,316,2026-08-12,2026-07-15,2026-06-01,44,13.4,6,0.0
ABB,ABB India Limited,Industrials,Specialty Industrial Machinery,144861.0,Large-Cap,MonthlyStage2,Stage Change,1.0,24,10-EMA=6415 | 30-EMA=5825 | Above by 17.4% | MA turning=Yes,MonthlyCupHandle+MonthlyDoubleBottom+MonthlyStage2,Uptrend,True,False,Tight-Above-MAs,True,Stage2,4,Uptrend,Uptrend,6836.0,5825.16,4876.16,5810.6,7278.45,14613.32,55601.16,20116.92,113.8,46.2,93.45,67.68,18.49,0.53,74.09,58.0,39.08,6357.93,27,underperform,22.4,29.9,20.0,14.0,2.8,22.26,,-0.83,19.84,,78.48,176.39,,275.8,0.15,highly inconsistent earnings,0.01,,,,,,75.0,0.0,,8.19,0.55,9.28,0.13,7822.5,4637.5,12.6,47.4,38.47,33.17,0.25,0.52,3,35.0,28.5,5.0,8.0,76.5,BUY ⭐⭐⭐⭐,Expected ~46% CAGR (2yr) | Revenue CAGR 20% | Profit CAGR 176% | ROE 22% | ROCE 30% | ROCE trend rising ↑,High PE 93 | Earnings due 2026-07-30,1-3 years,Low-Medium,"yfinance, screener.in",80,289,2026-07-30,2026-07-15,2026-06-01,44,8.0,6,6.1
ASHIANA,Ashiana Housing Limited,Real Estate,Real Estate - Development,3766.0,Small-Cap,MonthlyStage2,Stage Change,1.0,24,10-EMA=340 | 30-EMA=306 | Above by 22.6% | MA turning=Yes,MonthlyCupHandle+MonthlyDoubleBottom+MonthlyStage2,Uptrend,True,False,Tight-Above-MAs,True,Stage2,3,Uptrend,Uptrend,374.65,305.69,263.99,318.45,697.23,1126.23,1819.2,1126.23,200.6,73.4,31.25,21.78,4.16,0.51,22.67,67.0,25.99,,0,none,14.5,14.4,2.54,11.0,2.26,10.31,1.87,116.07,40.74,36.41,555.56,61.53,53.16,3.2,0.15,highly inconsistent earnings,0.38,,1.33,,442.37,11.75,61.11,0.0,,8.29,0.39,8.07,0.01,406.0,269.45,7.7,39.0,22.33,58.48,0.25,0.28,5,36.0,28.5,6.0,6.0,76.5,BUY ⭐⭐⭐⭐,Expected ~73% CAGR (2yr) | Revenue CAGR 41% | Profit CAGR 62% | ROCE trend rising ↑ | Promoter 61% holding | FCF yield 11.7%,None identified,2-3 years,Medium,"yfinance, screener.in",100,182,,2026-07-15,2026-06-01,44,2.8,6,-2.0
FILATEX,Filatex India Limited,Consumer Cyclical,Textile Manufacturing,2764.0,Small-Cap,MonthlyStage2,Stage Change,1.0,24,10-EMA=51 | 30-EMA=51 | Above by 23.0% | MA turning=Yes,MonthlyDoubleBottom+MonthlyStage2,Uptrend,True,True,Uptrend,True,Stage2,3,Uptrend,Uptrend,62.25,50.63,36.9,52.91,344.45,499.52,724.4,499.52,702.4,183.3,15.07,4.68,2.87,0.33,4.76,62.0,35.72,,0,none,12.9,16.9,1.2,8.0,-0.11,4.33,,-2.14,29.23,26.63,36.57,45.02,47.74,16.6,1.0,steady compounder (low CV),0.1,,,,,,65.47,0.09,,4.22,-0.29,2.78,0.4,66.1,36.26,5.8,71.7,21.56,7.33,1.19,0.04,2,32.0,26.5,12.0,6.0,76.5,BUY ⭐⭐⭐⭐,Expected ~183% CAGR (2yr) | Revenue CAGR 29% | Profit CAGR 45% | ROCE trend rising ↑ | Low D/E 0.10 | Promoter 65% holding,None identified,1-3 years,Low-Medium,"yfinance, screener.in",80,180,,2026-07-15,2026-06-01,44,46.9,6,13.0
SEAMECLTD,Seamec Limited,Industrials,Marine Shipping,3635.0,Small-Cap,MonthlyStage2,Stage Change,1.0,24,10-EMA=1347 | 30-EMA=1166 | Above by 25.2% | MA turning=Yes,MonthlyCupHandle+MonthlyDoubleBottom+MonthlyStage2,Sideways-Above-MA,True,False,Constructive,False,Stage2,4,Uptrend,Uptrend,1460.1,1166.39,796.15,1241.08,7131.45,13941.27,27253.78,13941.27,854.8,209.0,14.41,,2.78,0.15,9.48,0.0,0.0,,0,none,21.8,20.0,2.03,42.0,2.06,26.39,9.36,46.01,29.63,29.94,188.64,95.49,20.74,140.8,0.15,highly inconsistent earnings,0.27,,1.89,,-201.82,-5.55,72.72,0.0,,3.73,0.37,4.49,0.41,1709.2,752.55,14.6,94.0,48.67,103.79,0.23,0.11,6,35.0,22.5,12.0,7.0,76.5,BUY ⭐⭐⭐⭐,Expected ~209% CAGR (2yr) | Revenue CAGR 30% | Profit CAGR 95% | ROE 22% | ROCE trend rising ↑ | Low D/E 0.27,None identified,1-3 years,Low-Medium,"yfinance, screener.in",100,289,,2026-07-15,2026-06-01,44,-6.5,6,-6.5
WABAG,VA Tech Wabag Limited,Industrials,Engineering & Construction,13864.0,Mid-Cap,MonthlyStage2,Stage Change,1.0,24,10-EMA=1607 | 30-EMA=1330 | Above by 61.3% | MA turning=Yes,MonthlyDoubleBottom+MonthlyStage2,Uptrend,True,False,Tight-Above-MAs,True,Stage2,4,Uptrend,Uptrend,2144.6,1329.89,1077.7,1822.91,7775.49,15831.97,81020.51,25099.29,638.2,171.7,32.05,25.15,4.89,0.14,24.59,23.0,100.0,1931.0,7,strong_buy,15.9,21.3,1.74,12.0,1.06,9.39,5.17,19.73,10.04,6.83,25.42,222.8,29.65,28.9,0.15,highly inconsistent earnings,0.09,,1.71,,140.94,1.02,19.09,-0.01,,16.6,-2.37,5.77,1.45,2248.0,1033.0,4.6,107.6,48.39,308.99,1.38,0.74,7,30.0,28.5,8.0,10.0,76.5,BUY ⭐⭐⭐⭐,Expected ~172% CAGR (2yr) | Profit CAGR 223% | ROCE 21% | ROCE trend rising ↑ | Nearly debt-free | Piotroski F=7 (high quality compounder),None identified,1-3 years,Low-Medium,"yfinance, screener.in",100,190,,2026-07-15,2026-06-01,44,54.2,6,4.3
PRIVISCL,Privi Speciality Chemicals Limited,Basic Materials,Specialty Chemicals,14308.0,Mid-Cap,MonthlyDoubleBottom,Forming,0.718,14,Sep 14mo | Mid rally 72% | Asymmetry 1%,,Uptrend,True,False,Tight-Above-MAs,True,Stage2,1,Uptrend,Uptrend,3086.0,1736.85,1003.74,2623.1,3640.8,8997.86,22237.32,8997.86,191.6,70.8,45.25,25.52,10.13,0.31,23.87,27.0,35.72,3884.5,2,strong_buy,26.0,22.1,2.11,25.0,2.17,12.78,10.54,22.04,16.83,14.96,71.35,147.14,22.06,40.9,0.15,highly inconsistent earnings,0.71,,1.46,,112.89,0.79,60.6,0.0,,1.37,-0.27,10.67,0.42,3760.0,2173.2,17.9,42.0,43.91,163.88,0.55,-0.12,6,35.0,24.12,7.0,10.0,76.1,BUY ⭐⭐⭐⭐,Expected ~71% CAGR (2yr) | Revenue CAGR 17% | Profit CAGR 147% | ROE 26% | ROCE 22% | ROCE trend rising ↑,Pattern still forming (not broken out),2-3 years,Medium,"yfinance, screener.in",100,133,,2026-07-15,2026-06-01,44,0.0,6,2.0
TBZ,Tribhovandas Bhimji Zaveri Limited,Consumer Cyclical,Luxury Goods,1524.0,Small-Cap,MonthlyStage2,Breaking Out,1.0,24,10-EMA=184 | 30-EMA=166 | Above by 59.9% | MA turning=Yes,MonthlyDoubleBottom+MonthlyStage2,Uptrend,True,True,Uptrend,True,Stage2,3,Uptrend,Uptrend,264.9,165.62,111.51,225.16,3620.94,6212.45,10658.71,6212.45,2245.2,384.3,7.53,76.88,1.82,0.11,6.27,99.0,31.04,,0,none,27.1,21.4,2.0,11.0,0.57,6.3,10.94,22.25,10.19,19.0,197.06,71.57,36.26,612.6,0.15,highly inconsistent earnings,1.06,,1.65,,-81.27,-5.33,74.12,0.0,,1.47,1.21,0.0,0.0,242.04,110.5,-9.4,139.7,45.58,110.7,2.2,0.48,6,27.0,28.0,13.0,8.0,76.0,BUY ⭐⭐⭐⭐,Expected ~384% CAGR (2yr) | Profit CAGR 72% | ROE 27% | ROCE 21% | ROCE trend rising ↑ | Promoter 74% holding,High D/E 1.1,2-3 years,Medium,"yfinance, screener.in",100,171,,2026-07-15,2026-06-01,44,103.9,6,12.5
BORORENEW,Borosil Renewables Limited,Technology,Solar,8986.0,Mid-Cap,MonthlyStage2,Stage Change,1.0,24,10-EMA=543 | 30-EMA=521 | Above by 23.0% | MA turning=Yes,MonthlyCupHandle+MonthlyDoubleBottom+MonthlyStage2,Uptrend,True,False,Tight-Above-MAs,True,Downtrend,0,Uptrend,Uptrend,640.55,520.93,377.0,544.47,437.53,664.86,825.52,600.99,3.8,1.9,67.57,,5.94,1.81,19.23,0.0,4.0,,0,none,26.1,25.3,0.91,28.0,0.8,8.3,13.18,5.42,20.42,19.71,245.98,37.36,34.36,,0.2,multiple loss years in history,0.11,,4.76,,208.04,2.32,58.77,0.0,,4.27,0.26,2.33,-0.24,721.0,374.4,11.2,71.1,17.01,20.42,0.66,0.01,7,40.0,27.5,4.0,4.0,75.5,BUY ⭐⭐⭐⭐,Expected ~2% CAGR (2yr) | Revenue CAGR 20% | Profit CAGR 37% | ROE 26% | ROCE 25% | ROCE trend rising ↑,High PE 68,1-3 years,Low-Medium,"yfinance, screener.in",100,99,,2026-07-15,2026-06-01,44,22.0,6,15.3
EICHERMOT,Eicher Motors Limited,Consumer Cyclical,Auto Manufacturers,202181.0,Large-Cap,MonthlyDoubleBottom,Forming,1.0,43,Sep 43mo | Mid rally 123% | Asymmetry 5%,,Uptrend,True,False,Tight-Above-MAs,True,Stage2,3,Uptrend,Uptrend,7365.5,3131.16,1371.92,6260.68,11651.09,11806.29,17825.26,14411.24,60.3,26.6,36.63,27.64,8.05,1.55,33.96,111.0,49.38,7898.86,36,buy,24.0,30.5,3.14,25.0,1.11,23.56,10.42,24.05,17.47,21.83,16.5,23.69,32.57,11.6,0.4,lumpy earner,0.02,,1.9,,3151.76,1.56,49.06,0.0,,26.77,-0.24,14.73,0.09,8230.0,5353.0,10.5,37.6,23.15,102.86,0.47,0.28,7,38.0,28.5,3.0,6.0,75.5,BUY ⭐⭐⭐⭐,Expected ~27% CAGR (2yr) | Revenue CAGR 17% | Profit CAGR 24% | ROE 24% | ROCE 30% | ROCE trend rising ↑,Earnings due 2026-07-30 | Pattern still forming (not broken out),1-3 years,Low-Medium,"yfinance, screener.in",100,367,2026-07-30,2026-07-15,2026-06-01,44,7.0,6,3.0
DSSL,Dynacons Systems & Solutions Limited,Technology,Information Technology Services,1688.0,Small-Cap,MonthlyStage2,Stage Change,1.0,24,10-EMA=1188 | 30-EMA=1034 | Above by 28.1% | MA turning=Yes,MonthlyDoubleBottom+MonthlyStage2,Sideways-Above-MA,True,False,Constructive,False,Downtrend,0,Uptrend,Uptrend,1325.1,1034.05,784.85,1126.33,3069.82,4208.12,5768.48,4208.12,217.6,78.2,19.88,,5.33,0.54,12.37,4.0,0.0,,0,none,31.0,29.8,2.31,10.0,1.14,5.95,9.18,12.39,20.99,26.71,18.06,37.08,56.69,3.9,0.4,lumpy earner,0.75,,1.35,,13.4,0.79,60.89,-0.06,,0.37,0.03,0.3,0.04,1924.8,781.0,31.2,69.7,35.56,59.32,0.12,0.76,6,37.0,21.5,10.0,6.0,74.5,BUY ⭐⭐⭐⭐,Expected ~78% CAGR (2yr) | Revenue CAGR 21% | Profit CAGR 37% | ROE 31% | ROCE 30% | ROCE trend rising ↑,None identified,2-3 years,Medium,"yfinance, screener.in",100,223,,2026-07-15,2026-06-01,44,-14.4,6,-1.5
KERNEX,Kernex Microsystems (India) Limited,Technology,Software - Application,3625.0,Small-Cap,MonthlyStage2,Stage Change,1.0,24,10-EMA=1163 | 30-EMA=944 | Above by 43.5% | MA turning=Yes,MonthlyDoubleBottom+MonthlyStage2,Uptrend,True,False,Tight-Above-MAs,True,Downtrend,0,Uptrend,Uptrend,1354.0,943.72,396.3,1150.9,3423.24,10557.27,32558.63,10557.27,679.7,179.2,40.99,,14.59,0.2,25.23,0.0,0.0,,0,none,43.5,47.8,9.51,35.0,24.6,20.53,15.46,126.32,375.48,88.64,76.0,208.4,,109.5,0.2,multiple loss years in history,0.66,,1.31,,-131.54,-3.63,28.85,-0.04,,0.3,0.23,0.02,-0.05,2445.0,850.0,44.6,59.3,21.79,255.02,1.06,0.06,4,33.0,27.5,8.0,6.0,74.5,BUY ⭐⭐⭐⭐,Expected ~179% CAGR (2yr) | Revenue CAGR 375% | Profit CAGR 208% | ROE 44% | ROCE 48% | ROCE trend rising ↑,None identified,2-3 years,Medium,"yfinance, screener.in",100,246,,2026-07-15,2026-06-01,44,0.0,6,-2.0
PANACHE,Panache Digilife Limited,Technology,Communication Equipment,674.0,Small-Cap,MonthlyDoubleBottom,Forming,1.0,33,Sep 33mo | Mid rally 147% | Asymmetry 8%,,Sideways-Above-MA,True,True,Constructive,True,Downtrend,0,Uptrend,Uptrend,368.85,94.8,36.79,313.52,643.39,1654.36,4253.85,1654.36,348.5,111.8,49.53,,6.17,0.32,23.37,0.0,-20.63,,0,none,21.6,25.6,2.43,11.0,0.51,6.67,10.32,109.48,29.46,25.52,142.86,157.13,33.56,323.7,0.15,highly inconsistent earnings,0.26,,1.82,,-27.14,-4.03,54.05,2.37,,,,,,472.15,212.0,21.9,74.0,81.85,477.04,0.53,0.27,5,37.0,21.5,8.0,8.0,74.5,BUY ⭐⭐⭐⭐,Expected ~112% CAGR (2yr) | Revenue CAGR 29% | Profit CAGR 157% | ROE 22% | ROCE 26% | ROCE trend rising ↑,Pattern still forming (not broken out),2-3 years,Medium,"yfinance, screener.in",100,110,,2026-07-15,2026-06-01,44,0.0,6,0.0
POWERMECH,Power Mech Projects Limited,Industrials,Engineering & Construction,8347.0,Mid-Cap,MonthlyDoubleBottom,Forming,1.0,16,Sep 16mo | Mid rally 120% | Asymmetry 1%,MonthlyDoubleBottom+MonthlyStage2,Sideways-Above-MA,True,False,Constructive,True,Stage2,4,Uptrend,Uptrend,2479.6,3722.33,1681.27,2107.66,4895.55,5763.39,7746.29,6158.11,132.4,52.5,22.94,14.43,3.31,0.89,12.19,5.0,18.56,3180.33,3,buy,15.6,21.8,3.49,12.0,1.54,6.0,7.72,15.82,18.96,26.33,18.39,25.79,25.75,21.6,0.75,consistent growth,0.26,,1.71,,528.1,6.33,58.41,0.0,,6.54,0.06,20.6,0.42,3397.0,1717.7,27.0,44.4,-18.37,24.81,0.52,0.59,7,39.0,21.5,13.0,1.0,74.5,BUY ⭐⭐⭐⭐,Expected ~52% CAGR (2yr) | Revenue CAGR 19% | Profit CAGR 26% | ROCE 22% | ROCE trend rising ↑ | Low D/E 0.26,Pattern still forming (not broken out),2-3 years,Medium,"yfinance, screener.in",100,130,,2026-07-15,2026-06-01,44,0.0,6,4.0
SPARC,Sun Pharma Advanced Research Company Limited,Healthcare,Drug Manufacturers - Specialty & Generic,8587.0,Mid-Cap,MonthlyStage2,Stage Change,1.0,24,10-EMA=185 | 30-EMA=185 | Above by 43.4% | MA turning=No,MonthlyDoubleBottom+MonthlyStage2,Uptrend,True,False,Uptrend,True,Stage2,6,Uptrend,Uptrend,264.6,184.51,112.39,224.91,2339.65,2690.59,3094.18,2690.59,916.9,218.9,5.53,4.78,6.41,,5.72,0.0,,,0,none,279.0,164.0,136.0,85.0,60.7,3967.31,79.22,2509.72,98.84,,552.77,,,,0.2,multiple loss years in history,0.42,,2.47,,-894.95,-10.42,65.68,0.01,,2.48,0.44,0.1,-0.78,289.0,108.0,8.4,145.0,89.78,-22.65,0.59,0.54,5,32.0,26.5,8.0,8.0,74.5,BUY ⭐⭐⭐⭐,Expected ~219% CAGR (2yr) | Revenue CAGR 99% | ROE 279% | ROCE 164% | ROCE trend rising ↑ | Promoter 66% holding,None identified,2-3 years,Medium,"yfinance, screener.in",90,283,,2026-07-15,2026-06-01,44,47.2,6,2.5
DEEPINDS,Deep Industries Limited,Energy,Oil & Gas E&P,2978.0,Small-Cap,MonthlyStage2,Stage Change,0.977,24,10-EMA=452 | 30-EMA=406 | Above by 14.7% | MA turning=Yes,MonthlyCupHandle+MonthlyStage2,Sideways-Above-MA,True,False,Constructive,False,Stage2,1,Uptrend,Uptrend,465.3,405.8,347.1,395.5,707.46,989.53,1384.05,989.53,112.7,45.8,16.56,7.89,1.49,0.42,8.74,67.0,48.84,650.0,1,none,19.4,16.5,2.83,40.0,0.26,20.2,7.42,54.69,37.73,35.65,349.37,39.87,44.75,,0.15,highly inconsistent earnings,0.1,,2.69,,41.62,1.4,63.49,0.0,,1.81,0.1,1.13,0.03,578.0,330.0,19.5,41.0,-11.97,67.67,0.21,-0.61,7,40.0,22.22,11.0,1.0,74.2,BUY ⭐⭐⭐⭐,Expected ~46% CAGR (2yr) | Revenue CAGR 38% | Profit CAGR 40% | ROCE trend rising ↑ | Nearly debt-free | Promoter 63% holding,None identified,2-3 years,Medium,"yfinance, screener.in",100,64,,2026-07-15,2026-06-01,44,-1.8,6,-4.3
GOKULAGRO,Gokul Agro Resources Limited,Consumer Defensive,Packaged Foods,6424.0,Small-Cap,MonthlyDoubleBottom,Forming,0.42,10,Sep 10mo | Mid rally 42% | Asymmetry 0%,,Sideways-Above-MA,True,False,Constructive,False,Stage2,15,Uptrend,Uptrend,217.71,67.5,47.4,185.05,977.7,1377.29,1940.19,1377.29,532.6,151.5,17.39,,4.53,0.43,9.38,0.0,,,0,none,30.0,36.7,2.09,3.0,0.23,1.54,8.6,23.15,30.88,23.53,50.0,40.87,52.32,144.8,0.15,highly inconsistent earnings,0.41,,1.23,,420.05,6.54,74.24,0.0,,1.87,0.36,0.11,0.02,249.92,142.5,12.9,52.8,34.32,272.1,0.11,-0.08,5,40.0,14.04,12.0,8.0,74.0,BUY ⭐⭐⭐⭐,Expected ~152% CAGR (2yr) | Revenue CAGR 31% | Profit CAGR 41% | ROE 30% | ROCE 37% | ROCE trend rising ↑,Pattern still forming (not broken out),2-3 years,Medium,"yfinance, screener.in",100,125,,2026-07-15,2026-06-01,44,-8.1,6,-6.0
SKMEGGPROD,SKM Egg Products Export (India) Limited,Consumer Defensive,Packaged Foods,1694.0,Small-Cap,MonthlyDoubleBottom,Forming,1.0,22,Sep 22mo | Mid rally 174% | Asymmetry 3%,,Uptrend,True,True,Tight-Above-MAs,True,Stage2,15,Uptrend,Uptrend,352.95,64.65,23.29,300.01,973.12,1080.35,1199.41,1080.35,206.1,75.0,16.31,,4.28,1.48,10.18,24.0,44.22,,0,none,29.7,30.0,2.49,21.0,1.8,13.51,17.0,54.22,5.08,23.35,197.14,11.02,45.41,414.4,0.15,highly inconsistent earnings,0.36,,2.86,,16.81,0.99,57.47,0.0,,1.29,0.8,0.21,-0.15,325.05,142.5,-8.6,147.7,91.68,22.3,0.72,-0.14,6,28.0,28.0,8.0,10.0,74.0,BUY ⭐⭐⭐⭐,Expected ~75% CAGR (2yr) | ROE 30% | ROCE 30% | ROCE trend rising ↑ | Promoter 57% holding | Piotroski F=6 (above average quality),Pattern still forming (not broken out),2-3 years,Medium,"yfinance, screener.in",100,289,,2026-07-15,2026-06-01,44,80.9,6,6.0
THYROCARE,Thyrocare Technologies Limited,Healthcare,Diagnostics & Research,8208.0,Mid-Cap,MonthlyDoubleBottom,Forming,1.0,36,Sep 36mo | Mid rally 676% | Asymmetry 6%,,Uptrend,True,False,Uptrend,True,Stage2,6,Uptrend,Uptrend,536.55,967.28,121.16,456.07,761.59,1813.4,1420.26,1040.03,238.0,83.8,50.51,34.66,15.35,1.38,33.21,317.0,5.27,603.0,5,strong_buy,28.4,35.4,-1.57,32.0,-1.43,19.67,17.69,20.67,16.3,10.86,79.12,36.56,7.6,118.6,0.15,highly inconsistent earnings,0.09,,3.39,,171.93,2.09,60.92,-0.01,,5.37,0.41,21.0,0.48,578.25,342.55,7.2,56.6,28.83,186.33,0.15,0.47,5,37.0,26.5,4.0,6.0,73.5,BUY ⭐⭐⭐⭐,Expected ~84% CAGR (2yr) | Revenue CAGR 16% | Profit CAGR 37% | ROE 28% | ROCE 35% | Nearly debt-free,High PE 51 | Margin compression ↓ | Pattern still forming (not broken out),2-3 years,Medium,"yfinance, screener.in",100,123,,2026-07-15,2026-06-01,44,14.0,6,-2.0
WELCORP,Welspun Corp Limited,Basic Materials,Steel,42525.0,Large-Cap,MonthlyDoubleBottom,Forming,1.0,48,Sep 48mo | Mid rally 1092% | Asymmetry 0%,,Uptrend,True,True,Uptrend,True,Stage2,1,Uptrend,Uptrend,1697.2,430.46,36.1,1442.62,2802.48,3997.31,11341.45,5637.74,135.5,53.5,26.32,17.77,5.2,0.26,18.07,31.0,0.0,1536.67,6,strong_buy,19.4,22.9,1.51,13.0,0.83,9.62,6.91,19.97,19.78,18.58,-14.83,101.17,14.39,-47.0,0.15,highly inconsistent earnings,0.25,,1.33,,186.57,0.44,49.73,0.0,,11.23,-0.22,21.49,0.94,1634.0,710.0,-3.9,139.0,102.37,400.29,1.1,0.48,6,30.0,26.5,7.0,10.0,73.5,BUY ⭐⭐⭐⭐,Expected ~54% CAGR (2yr) | Revenue CAGR 20% | Profit CAGR 101% | ROCE 23% | ROCE trend rising ↑ | Low D/E 0.25,Pattern still forming (not broken out),2-3 years,Medium,"yfinance, screener.in",100,314,,2026-07-15,2026-06-01,44,32.5,6,-4.0
ZENTEC,Zen Technologies Limited,Industrials,Aerospace & Defense,16912.0,Mid-Cap,MonthlyStage2,Stage Change,1.0,24,10-EMA=1604 | 30-EMA=1405 | Above by 30.4% | MA turning=Yes,MonthlyCupHandle+MonthlyDoubleBottom+MonthlyStage2,Uptrend,True,False,Tight-Above-MAs,True,Stage2,4,Uptrend,Uptrend,1832.1,1404.65,1043.83,1557.28,1228.57,1908.27,3279.01,2007.11,4.2,2.1,87.71,35.9,9.41,1.38,67.28,6.0,171.44,1760.0,6,buy,10.7,16.2,5.51,36.0,6.11,28.13,6.62,-29.36,46.46,65.75,-27.09,63.37,135.65,-68.8,0.15,highly inconsistent earnings,0.01,,8.86,,374.0,2.21,48.51,0.0,,5.99,0.45,10.06,2.2,2024.0,1223.0,9.5,49.8,26.6,92.74,0.6,0.04,6,36.0,28.5,3.0,6.0,73.5,BUY ⭐⭐⭐⭐,Expected ~2% CAGR (2yr) | Revenue CAGR 46% | Profit CAGR 63% | ROCE trend rising ↑ | Nearly debt-free | OPM 36%,High PE 88,2-3 years,Medium,"yfinance, screener.in",100,137,,2026-07-15,2026-06-01,44,17.1,6,5.0
SCPL,Sheetal Cool Products Limited,Consumer Defensive,Packaged Foods,519.0,Small-Cap,MonthlyStage2,Breaking Out,1.0,24,10-EMA=380 | 30-EMA=368 | Above by 29.7% | MA turning=No,,Uptrend,True,False,Uptrend,True,Stage2,15,Uptrend,Uptrend,477.45,368.21,212.71,405.83,2164.99,3734.6,6442.19,3734.6,682.2,179.7,27.1,,3.3,0.37,13.55,,,,0,none,13.27,,,9.98,,5.21,8.01,60.2,,,72.5,,,72.4,0.5,insufficient history,0.32,,2.65,,-12.14,-2.34,67.07,1.48,,0.0,0.0,0.0,0.0,594.85,190.03,19.7,151.2,97.3,-7.49,2.01,-0.06,4,26.0,28.0,12.0,7.0,73.0,BUY ⭐⭐⭐⭐,Expected ~180% CAGR (2yr) | Revenue CAGR 60% | Profit CAGR 72% | Promoter 67% holding | Promoters buying ↑ | PEG 0.37 — deeply undervalued,None identified,2-3 years,Medium,"yfinance, screener.in",70,45,,2026-07-15,2026-07-01,14,-8.5,2,0.5
AJANTPHARM,Ajanta Pharma Limited,Healthcare,Drug Manufacturers - Specialty & Generic,41836.0,Large-Cap,MonthlyCupHandle,Forming,0.9,22,Cup 22mo | Depth 25% | Prior gain 76% | R²=0.97,MonthlyCupHandle+MonthlyDoubleBottom,Uptrend,True,False,Tight-Above-MAs,True,Stage2,6,Uptrend,Uptrend,3348.6,3433.6,2558.14,2846.31,4694.86,4761.27,6936.38,5706.6,42.2,19.2,39.68,29.42,9.24,1.84,27.66,167.0,58.74,3343.29,14,strong_buy,27.1,34.5,0.94,28.0,-0.91,19.37,14.82,17.32,13.36,13.54,14.78,21.55,10.06,18.4,0.15,highly inconsistent earnings,0.06,,2.64,,0.87,0.0,66.25,0.0,,8.26,0.29,18.36,-0.22,3506.9,2329.9,4.5,43.7,37.57,77.33,0.28,0.18,6,34.0,26.8,2.0,10.0,72.8,BUY ⭐⭐⭐⭐,Expected ~19% CAGR (2yr) | Profit CAGR 22% | ROE 27% | ROCE 34% | ROCE trend rising ↑ | Nearly debt-free,Margin compression ↓ | Pattern still forming (not broken out),2-3 years,Medium,"yfinance, screener.in",100,289,,2026-07-15,2026-06-01,44,3.1,6,1.9
ASTRAMICRO,Astra Microwave Products Limited,Technology,Communication Equipment,17125.0,Mid-Cap,MonthlyDoubleBottom,Forming,1.0,34,Sep 34mo | Mid rally 178% | Asymmetry 8%,,Uptrend,True,False,Tight-Above-MAs,True,Downtrend,0,Uptrend,Uptrend,1803.7,54.67,18.86,1533.14,951.7,1383.59,1871.2,1334.48,,,89.29,55.79,13.03,2.22,51.42,12.0,16.26,1457.25,8,buy,16.0,20.2,2.17,29.0,3.71,16.59,9.44,10.66,12.54,12.65,25.32,40.22,46.09,44.2,0.4,lumpy earner,0.22,,3.13,,306.21,1.79,6.54,0.0,,7.56,1.3,15.42,0.67,1871.0,851.0,3.6,112.0,77.42,333.71,0.5,0.5,7,36.0,27.5,-1.0,10.0,72.5,BUY ⭐⭐⭐⭐,Profit CAGR 40% | ROCE 20% | ROCE trend rising ↑ | Low D/E 0.22 | OPM 29% | Piotroski F=7 (high quality compounder),High PE 89 | Pattern still forming (not broken out),2-3 years,Medium,"yfinance, screener.in",100,261,,2026-07-15,2026-06-01,44,65.1,6,8.0
BFUTILITIE,BF Utilities Limited,Industrials,Infrastructure Operations,2180.0,Small-Cap,MonthlyDoubleBottom,Forming,1.0,26,Sep 26mo | Mid rally 210% | Asymmetry 7%,,Uptrend,True,False,Constructive,True,Stage2,4,Uptrend,Uptrend,578.8,2000.76,622.0,590.9,2325.81,3575.93,5497.99,3575.93,517.8,148.6,13.77,,7.24,0.26,5.14,0.0,,,0,none,113.0,29.9,3.89,74.0,2.66,17.85,,-13.62,17.73,9.36,11.18,53.75,36.24,20.0,0.15,highly inconsistent earnings,0.69,,,,,,56.73,0.0,,1.57,0.0,0.05,-0.05,898.7,368.7,35.6,57.0,-27.22,-41.77,0.32,0.36,3,33.0,25.5,14.0,0.0,72.5,BUY ⭐⭐⭐⭐,Expected ~149% CAGR (2yr) | Revenue CAGR 18% | Profit CAGR 54% | ROE 113% | ROCE 30% | ROCE trend rising ↑,Pattern still forming (not broken out),2-3 years,Medium,"yfinance, screener.in",80,231,,2026-07-15,2026-06-01,44,10.3,6,13.0
GPTINFRA,GPT Infraprojects Limited,Industrials,Engineering & Construction,1565.0,Small-Cap,MonthlyStage2,Stage Change,1.0,24,10-EMA=117 | 30-EMA=107 | Above by 15.9% | MA turning=Yes,MonthlyCupHandle+MonthlyStage2,Uptrend,True,False,Tight-Above-MAs,True,Stage2,4,Uptrend,Uptrend,123.87,106.87,89.91,105.29,409.9,606.11,896.26,606.11,389.3,121.2,16.09,,2.6,0.34,10.15,323.0,0.0,,0,none,17.3,21.3,1.91,14.0,-0.06,7.54,8.18,8.59,16.83,16.2,31.08,47.87,37.14,31.5,0.4,lumpy earner,0.5,,1.59,,-24.47,-1.56,69.37,0.0,,2.72,0.14,7.03,-0.07,150.0,96.22,17.4,28.7,13.75,197.84,0.14,-0.12,5,29.0,28.5,12.0,3.0,72.5,BUY ⭐⭐⭐⭐,Expected ~121% CAGR (2yr) | Revenue CAGR 17% | Profit CAGR 48% | ROCE 21% | ROCE trend rising ↑ | Promoter 69% holding,None identified,2-3 years,Medium,"yfinance, screener.in",100,121,,2026-07-15,2026-06-01,44,5.7,6,2.8
HONASA,Honasa Consumer Limited,Consumer Defensive,Household & Personal Products,15392.0,Mid-Cap,MonthlyStage2,Stage Change,1.0,24,10-EMA=369 | 30-EMA=350 | Above by 35.9% | MA turning=Yes,,Uptrend,True,False,Tight-Above-MAs,True,Stage2,15,Uptrend,Uptrend,476.0,350.13,215.43,404.6,1126.59,1827.36,6632.69,2733.55,283.9,95.9,76.89,49.5,10.86,0.54,73.88,0.0,,468.07,14,buy,15.7,19.2,3.3,10.0,43.17,8.36,6.17,15.72,17.01,39.06,173.97,142.64,,177.0,0.2,multiple loss years in history,0.1,,1.69,,159.64,1.04,35.54,0.0,,13.74,-0.88,19.24,0.6,478.8,248.4,0.6,91.6,63.39,,0.35,0.61,7,29.0,28.5,5.0,10.0,72.5,BUY ⭐⭐⭐⭐,Expected ~96% CAGR (2yr) | Revenue CAGR 17% | Profit CAGR 143% | ROCE trend rising ↑ | Nearly debt-free | Piotroski F=7 (high quality compounder),High PE 77,2-3 years,Medium,"yfinance, screener.in",100,33,,2026-07-15,2026-06-01,44,34.3,6,5.1
JSLL,JEENA SIKHO LIFECARE LTD,Healthcare,Medical Care Facilities,7371.0,Small-Cap,MonthlyDoubleBottom,Forming,1.0,27,Sep 27mo | Mid rally 354% | Asymmetry 6%,,Downtrend,False,False,Below-MAs,True,Stage2,6,Uptrend,Uptrend,654.35,2495.23,534.4,556.2,2805.92,7639.38,20798.99,7639.38,1067.5,241.7,33.33,15.56,15.78,0.19,20.88,19.0,31.58,1000.0,1,strong_buy,61.3,64.1,12.0,44.0,10.4,27.68,37.62,70.79,75.97,,177.5,172.26,,78.1,1.0,steady compounder (low CV),0.27,,3.25,,213.96,2.9,63.62,0.0,,6.17,-0.14,0.46,0.35,849.5,492.0,23.0,33.0,61.38,125.56,1.45,1.05,7,40.0,16.5,10.0,6.0,72.5,BUY ⭐⭐⭐⭐,Expected ~242% CAGR (2yr) | Revenue CAGR 76% | Profit CAGR 172% | ROE 61% | ROCE 64% | ROCE trend rising ↑,Pattern still forming (not broken out),2-3 years,Medium,"yfinance, screener.in",100,49,,2026-07-15,2026-06-01,44,0.0,6,6.0
SKIPPER,Skipper Limited,Industrials,Engineering & Construction,6170.0,Small-Cap,MonthlyStage2,Stage Change,1.0,24,10-EMA=484 | 30-EMA=421 | Above by 32.7% | MA turning=Yes,MonthlyDoubleBottom+MonthlyStage2,Uptrend,True,False,Uptrend,True,Stage2,4,Uptrend,Uptrend,558.3,420.74,334.35,474.55,1253.89,2267.9,4101.96,2267.9,306.2,101.5,28.99,17.86,4.11,0.36,12.3,2.0,0.78,565.0,2,none,16.5,23.3,3.46,10.0,0.14,3.84,7.77,20.09,41.02,28.55,42.95,80.87,58.94,62.9,0.4,lumpy earner,0.64,,1.3,,-309.44,-5.02,66.5,0.02,,6.07,-0.3,1.66,0.86,593.0,327.05,5.9,70.7,9.76,137.07,0.59,0.64,5,31.0,26.5,12.0,3.0,72.5,BUY ⭐⭐⭐⭐,Expected ~102% CAGR (2yr) | Revenue CAGR 41% | Profit CAGR 81% | ROCE 23% | ROCE trend rising ↑ | Promoter 66% holding,None identified,2-3 years,Medium,"yfinance, screener.in",100,135,,2026-07-15,2026-06-01,44,19.6,6,5.0
VARROC,Varroc Engineering Limited,Consumer Cyclical,Auto Parts,10107.0,Mid-Cap,MonthlyStage2,Stage Change,1.0,24,10-EMA=583 | 30-EMA=539 | Above by 23.7% | MA turning=Yes,MonthlyDoubleBottom+MonthlyStage2,Uptrend,True,False,Tight-Above-MAs,True,Stage2,3,Uptrend,Uptrend,666.8,539.07,421.09,566.78,3790.07,9914.34,68400.09,16100.96,1386.9,285.6,44.84,19.86,5.67,0.14,12.94,23.0,30.0,634.4,5,buy,15.2,19.0,3.83,9.0,0.54,2.53,6.61,9.03,8.86,15.24,228.57,324.82,-12.6,236.9,0.2,multiple loss years in history,0.51,,0.88,,296.92,2.94,75.0,0.0,,4.29,-0.16,11.18,-0.17,694.7,462.0,4.0,44.3,25.91,32.27,0.4,0.3,5,24.0,28.5,12.0,8.0,72.5,BUY ⭐⭐⭐⭐,Expected ~286% CAGR (2yr) | Profit CAGR 325% | ROCE trend rising ↑ | Promoter 75% holding | Piotroski F=5 (above average quality) | Dividend growing 30%/yr,None identified,2-3 years,Medium,"yfinance, screener.in",100,97,,2026-07-15,2026-06-01,44,19.0,6,14.3
LLOYDSME,Lloyds Metals and Energy Limited,Basic Materials,Steel,101260.0,Large-Cap,MonthlyCupHandle,Forming,0.572,12,Cup 12mo | Depth 19% | Prior gain 117% | R²=0.67,MonthlyAscTriangle+MonthlyCupHandle,Uptrend,True,False,Tight-Above-MAs,True,Stage2,1,Uptrend,Uptrend,1664.5,1657.23,1347.5,1414.83,4554.25,10084.05,52798.94,15506.75,505.8,146.1,26.88,12.21,7.3,0.11,19.41,6.0,0.0,1950.0,6,strong_buy,36.6,27.3,3.17,36.0,5.31,21.48,13.75,154.62,72.17,132.66,163.16,240.49,353.33,585.3,0.15,highly inconsistent earnings,1.45,,0.81,,-7270.92,-7.18,61.65,-2.08,,2.26,0.37,1.71,-0.14,1888.6,1042.9,11.9,59.6,12.48,,0.88,0.12,5,35.0,22.36,9.0,6.0,72.4,BUY ⭐⭐⭐⭐,Expected ~146% CAGR (2yr) | Revenue CAGR 72% | Profit CAGR 240% | ROE 37% | ROCE 27% | ROCE trend rising ↑,High D/E 1.5 | Pattern still forming (not broken out),2-3 years,Medium,"yfinance, screener.in",100,35,,2026-07-15,2026-06-01,44,0.0,6,0.0
BLSE,BLS E-SERVICES LIMITED,Industrials,Specialty Business Services,2386.0,Small-Cap,MonthlyStage2,Breaking Out,1.0,24,10-EMA=209 | 30-EMA=225 | Above by 17.1% | MA turning=Yes,MonthlyDoubleBottom+MonthlyStage2,Uptrend,True,False,Tight-Above-MAs,True,Stage2,4,Uptrend,Uptrend,263.25,224.78,145.42,223.76,343.78,519.46,784.9,519.46,97.3,40.5,41.65,,4.58,0.82,27.52,57.0,-50.0,,0,none,11.4,17.0,-5.7,7.0,0.43,5.14,5.98,115.41,66.32,77.2,16.95,51.1,87.22,11.7,0.15,highly inconsistent earnings,0.01,,2.85,,39.32,1.65,69.81,0.92,,0.46,-0.53,0.01,-0.1,285.9,124.3,7.9,111.8,51.43,,2.48,0.15,6,29.0,30.0,5.0,8.0,72.0,BUY ⭐⭐⭐⭐,Expected ~40% CAGR (2yr) | Revenue CAGR 66% | Profit CAGR 51% | Nearly debt-free | Promoter 70% holding | Piotroski F=6 (above average quality),None identified,2-3 years,Medium,"yfinance, screener.in",100,30,,2026-07-15,2026-06-01,44,30.9,6,10.7
SJS,S.J.S. Enterprises Limited,Consumer Cyclical,Auto Parts,6988.0,Small-Cap,None,,0.0,0,,,Uptrend,True,False,Tight-Above-MAs,True,Stage2,3,Uptrend,Uptrend,2170.2,,,1844.67,3861.02,4117.63,7239.34,5286.89,89.7,37.7,41.15,27.44,8.05,1.11,25.59,16.0,40.0,2363.75,4,strong_buy,22.0,28.6,2.5,28.0,0.5,17.87,13.65,25.66,30.17,,44.54,36.93,,45.1,1.0,steady compounder (low CV),0.03,,2.95,,124.49,1.78,21.15,-0.03,,15.68,-1.24,31.09,1.99,2288.9,1131.3,5.2,91.8,68.48,192.3,,0.44,7,40.0,15.0,7.0,10.0,72.0,BUY ⭐⭐⭐⭐,Expected ~38% CAGR (2yr) | Revenue CAGR 30% | Profit CAGR 37% | ROE 22% | ROCE 29% | ROCE trend rising ↑,None identified,2-3 years,Medium,"yfinance, screener.in",100,57,,2026-07-15,2026-06-01,44,9.5,6,-1.0
TPLPLASTEH,TPL Plastech Limited,Consumer Cyclical,Packaging & Containers,644.0,Small-Cap,MonthlyStage2,Breaking Out,1.0,24,10-EMA=72 | 30-EMA=71 | Above by 17.0% | MA turning=Yes,MonthlyCupHandle+MonthlyDoubleBottom+MonthlyStage2,Uptrend,True,False,Uptrend,True,Stage2,3,Uptrend,Uptrend,82.5,70.54,51.5,70.12,208.73,254.48,310.27,254.48,208.5,75.6,22.15,,3.83,1.01,13.65,121.0,35.72,,0,none,18.4,22.3,1.2,11.0,0.03,6.88,10.56,21.2,16.0,14.39,20.83,21.92,21.4,18.0,0.15,highly inconsistent earnings,0.11,,2.08,,27.6,4.28,74.86,0.0,,0.5,0.05,0.04,-0.04,90.33,50.01,8.7,65.0,9.88,85.8,1.88,0.05,7,33.0,28.0,8.0,3.0,72.0,BUY ⭐⭐⭐⭐,Expected ~76% CAGR (2yr) | Revenue CAGR 16% | Profit CAGR 22% | ROCE 22% | ROCE trend rising ↑ | Low D/E 0.11,None identified,2-3 years,Medium,"yfinance, screener.in",100,135,,2026-07-15,2026-06-01,44,29.5,6,5.5
SOLARINDS,Solar Industries India Limited,Basic Materials,Specialty Chemicals,165018.0,Large-Cap,MonthlyCupHandle,Forming,0.843,13,Cup 13mo | Depth 27% | Prior gain 32% | R²=0.98,MonthlyCupHandle+MonthlyDoubleBottom,Uptrend,True,False,Tight-Above-MAs,True,Stage2,1,Uptrend,Uptrend,18542.0,18875.33,13845.0,15760.7,5265.87,23905.66,8749.35,6787.7,28.9,13.5,98.04,54.75,26.29,3.39,63.4,6.0,10.06,19375.62,13,buy,31.5,36.8,3.57,27.0,1.83,17.05,15.45,30.48,12.45,31.35,34.86,28.9,43.25,70.0,0.4,lumpy earner,0.23,,2.06,,-1315.16,-0.8,73.15,0.0,,6.59,-0.15,12.89,-0.02,18972.0,11646.0,2.3,59.2,35.31,258.02,0.43,0.2,6,36.0,25.62,0.0,10.0,71.6,BUY ⭐⭐⭐⭐,Expected ~14% CAGR (2yr) | Profit CAGR 29% | ROE 32% | ROCE 37% | ROCE trend rising ↑ | Low D/E 0.23,High PE 98 | Earnings due 2026-08-06 | Pattern still forming (not broken out),2-3 years,Medium,"yfinance, screener.in",100,244,2026-08-06,2026-07-15,2026-06-01,44,2.4,6,8.0
ASHAPURMIN,Ashapura Minechem Limited,Basic Materials,Other Industrial Metals & Mining,6174.0,Small-Cap,MonthlyDoubleBottom,Forming,1.0,13,Sep 13mo | Mid rally 127% | Asymmetry 0%,,Uptrend,True,False,Uptrend,True,Stage2,1,Uptrend,Uptrend,646.35,41.64,18.35,549.4,1413.75,2202.63,3431.7,2202.63,240.8,84.6,15.39,,3.74,0.28,10.81,15.0,25.99,,0,none,28.0,20.7,1.34,11.0,0.51,7.66,7.84,91.2,41.95,35.47,43.94,55.8,36.75,28.0,0.15,highly inconsistent earnings,0.88,,1.36,,-76.18,-1.23,48.03,0.15,,19.5,0.25,0.33,-0.05,924.9,455.1,30.1,42.0,26.35,159.28,0.15,0.66,5,32.0,25.5,10.0,4.0,71.5,BUY ⭐⭐⭐⭐,Expected ~85% CAGR (2yr) | Revenue CAGR 42% | Profit CAGR 56% | ROE 28% | ROCE 21% | ROCE trend rising ↑,Pattern still forming (not broken out),2-3 years,Medium,"yfinance, screener.in",100,367,,2026-07-15,2026-06-01,44,1.3,6,3.0
HINDCOPPER,Hindustan Copper Limited,Basic Materials,Copper,48221.0,Large-Cap,MonthlyStage2,Stage Change,1.0,24,10-EMA=476 | 30-EMA=365 | Above by 35.8% | MA turning=Yes,MonthlyDoubleBottom+MonthlyStage2,Sideways-Above-MA,True,False,Constructive,False,Stage2,1,Uptrend,Uptrend,495.4,364.84,200.96,421.09,298.37,528.72,636.44,435.77,6.7,3.3,52.38,24.69,14.44,1.14,32.53,51.0,2.82,715.0,1,none,32.9,42.5,5.66,48.0,4.34,29.84,19.92,48.62,22.44,11.49,97.63,46.05,52.89,137.4,0.15,highly inconsistent earnings,0.03,,1.68,,864.71,1.79,66.14,0.0,,5.96,-0.38,4.84,-0.55,760.05,226.7,34.8,118.5,117.84,191.85,0.08,1.42,7,40.0,22.5,3.0,6.0,71.5,BUY ⭐⭐⭐⭐,Expected ~3% CAGR (2yr) | Revenue CAGR 22% | Profit CAGR 46% | ROE 33% | ROCE 42% | ROCE trend rising ↑,High PE 52,2-3 years,Medium,"yfinance, screener.in",100,199,,2026-07-15,2026-06-01,44,-13.0,6,-4.0
MONARCH,Monarch Networth Capital Limited,Financial Services,Capital Markets,2861.0,Small-Cap,MonthlyDoubleBottom,Forming,1.0,21,Sep 21mo | Mid rally 116% | Asymmetry 4%,MonthlyDoubleBottom+MonthlyStage2,Sideways-Above-MA,True,True,Constructive,True,Stage2,12,Uptrend,Uptrend,312.45,497.5,225.65,265.58,688.79,1112.12,1795.63,1112.12,255.9,88.7,15.82,,2.94,0.26,,28.0,25.99,,0,none,20.5,27.7,-2.71,69.0,6.14,49.44,12.91,13.41,31.93,29.28,21.48,61.46,49.79,84.3,0.15,highly inconsistent earnings,0.04,,2.21,,,,53.86,0.45,,1.47,0.03,0.15,0.0,398.8,235.45,21.7,32.7,-0.03,136.24,0.69,0.12,5,39.0,22.0,8.0,2.0,71.0,BUY ⭐⭐⭐⭐,Expected ~89% CAGR (2yr) | Revenue CAGR 32% | Profit CAGR 61% | ROE 20% | ROCE 28% | Nearly debt-free,Pattern still forming (not broken out),2-3 years,Medium,"yfinance, screener.in",90,53,,2026-07-15,2026-06-01,44,0.0,6,1.0
THANGAMAYL,Thangamayil Jewellery Limited,Consumer Cyclical,Luxury Goods,20329.0,Mid-Cap,MonthlyDoubleBottom,Forming,0.991,8,Sep 8mo | Mid rally 109% | Asymmetry 10%,,Uptrend,True,True,Tight-Above-MAs,True,Stage2,3,Uptrend,Uptrend,6671.5,230.34,105.16,5670.77,31224.72,140792.27,634832.36,140792.27,2010.4,359.4,57.8,42.28,14.36,0.16,38.2,27.0,37.16,4925.0,3,buy,27.93,,,7.28,,4.14,10.33,105.6,,,350.9,,,354.3,0.5,insufficient history,0.65,,1.54,,-47.18,-0.23,61.61,0.05,,4.37,-0.33,17.41,0.79,7165.0,1750.1,6.9,281.2,196.7,420.3,1.02,0.5,4,29.0,26.89,7.0,8.0,70.9,BUY ⭐⭐⭐⭐,Expected ~359% CAGR (2yr) | Revenue CAGR 106% | Profit CAGR 351% | ROE 28% | Promoter 62% holding | DII buying +0.8% ↑,High PE 58 | Pattern still forming (not broken out),2-3 years,Medium,"yfinance, screener.in",70,198,,2026-07-15,2026-06-01,44,82.6,6,-11.0
ADOR,Ador Welding Limited,Industrials,Specialty Industrial Machinery,2306.0,Small-Cap,MonthlyStage2,Stage Change,1.0,24,10-EMA=1127 | 30-EMA=1075 | Above by 23.3% | MA turning=Yes,MonthlyDoubleBottom+MonthlyStage2,Uptrend,True,False,Tight-Above-MAs,True,Stage2,4,Uptrend,Uptrend,1324.8,1074.81,821.65,1126.08,2067.93,2525.77,3084.97,2525.77,90.7,38.1,28.17,17.76,4.16,1.27,14.47,224.0,16.96,1307.0,1,strong_buy,15.8,22.8,2.37,11.0,0.83,5.82,,1.51,19.92,16.73,36.67,22.14,26.82,73.4,0.15,highly inconsistent earnings,0.0,,,,,,53.76,0.02,,0.37,0.23,12.63,0.07,1360.0,848.0,2.6,56.2,46.18,-10.24,0.43,0.29,3,25.0,28.5,7.0,10.0,70.5,BUY ⭐⭐⭐⭐,Expected ~38% CAGR (2yr) | Revenue CAGR 20% | Profit CAGR 22% | ROCE 23% | ROCE trend rising ↑ | Nearly debt-free,None identified,2-3 years,Medium,"yfinance, screener.in",80,263,,2026-07-15,2026-06-01,44,25.5,6,12.0
ARVSMART,Arvind SmartSpaces Limited,Real Estate,Real Estate - Development,2809.0,Small-Cap,MonthlyDoubleBottom,Forming,1.0,42,Sep 42mo | Mid rally 291% | Asymmetry 2%,MonthlyDoubleBottom+MonthlyStage2,Uptrend,True,False,Tight-Above-MAs,True,Stage2,3,Uptrend,Uptrend,612.5,228.17,57.67,520.62,1164.26,1402.92,2774.44,1797.27,129.0,51.3,29.24,17.25,4.15,0.54,21.24,98.0,100.0,811.4,5,strong_buy,15.5,12.9,1.69,27.0,0.83,17.1,2.9,-20.9,30.12,30.5,-13.45,54.37,62.82,121.0,0.15,highly inconsistent earnings,0.65,,1.21,,-44.3,-1.58,53.83,4.0,,0.67,-0.16,8.6,-7.22,681.75,486.8,10.2,25.8,4.81,57.89,0.08,0.17,4,30.0,28.5,9.0,3.0,70.5,BUY ⭐⭐⭐⭐,Expected ~51% CAGR (2yr) | Revenue CAGR 30% | Profit CAGR 54% | ROCE trend rising ↑ | Promoter 54% holding | Promoters buying ↑,Pattern still forming (not broken out),2-3 years,Medium,"yfinance, screener.in",100,132,,2026-07-15,2026-06-01,44,3.9,6,9.0
BANCOINDIA,Banco Products (India) Limited,Consumer Cyclical,Auto Parts,9753.0,Mid-Cap,MonthlyDoubleBottom,Forming,0.71,8,Sep 8mo | Mid rally 75% | Asymmetry 4%,,Uptrend,True,False,Constructive,True,Stage2,3,Uptrend,Uptrend,681.85,41.16,23.09,579.57,1977.8,2509.44,3183.98,2509.44,268.0,91.8,21.19,,5.79,0.79,14.98,235.0,-10.07,,0,none,31.2,30.9,2.43,17.0,1.11,12.36,11.57,21.26,18.66,20.51,22.96,26.88,33.42,-4.0,0.75,consistent growth,0.36,,2.25,,-17.15,-0.18,67.88,0.0,,4.06,0.06,0.22,0.0,879.8,502.0,22.5,35.8,21.92,172.8,0.11,0.65,6,35.0,20.52,10.0,5.0,70.5,BUY ⭐⭐⭐⭐,Expected ~92% CAGR (2yr) | Revenue CAGR 19% | Profit CAGR 27% | ROE 31% | ROCE 31% | ROCE trend rising ↑,Pattern still forming (not broken out),2-3 years,Medium,"yfinance, screener.in",100,236,,2026-07-15,2026-06-01,44,15.5,6,2.0
ENGINERSIN,Engineers India Limited,Industrials,Engineering & Construction,13469.0,Mid-Cap,MonthlyStage2,Stage Change,1.0,24,10-EMA=220 | 30-EMA=194 | Above by 23.3% | MA turning=Yes,MonthlyCupHandle+MonthlyDoubleBottom+MonthlyStage2,Sideways-Above-MA,True,False,Constructive,False,Stage2,4,Uptrend,Uptrend,239.64,194.37,145.07,203.69,557.43,529.31,884.84,702.31,120.9,48.6,19.5,15.56,4.29,0.75,17.35,125.0,-20.63,269.8,5,strong_buy,23.8,30.6,0.8,18.0,1.43,17.61,7.34,27.2,5.66,4.55,19.31,25.99,22.68,-30.1,0.15,highly inconsistent earnings,0.01,,1.3,,178.13,1.32,51.32,0.0,,9.66,1.92,12.19,-1.19,267.0,163.55,10.2,46.5,24.47,38.25,0.2,0.9,5,33.0,22.5,9.0,6.0,70.5,BUY ⭐⭐⭐⭐,Expected ~49% CAGR (2yr) | Profit CAGR 26% | ROE 24% | ROCE 31% | ROCE trend rising ↑ | Nearly debt-free,None identified,2-3 years,Medium,"yfinance, screener.in",100,347,,2026-07-15,2026-06-01,44,-2.2,6,1.0
MAYURUNIQ,Mayur Uniquoters Limited,Consumer Cyclical,Textile Manufacturing,3622.0,Small-Cap,MonthlyStage2,Stage Change,1.0,24,10-EMA=541 | 30-EMA=526 | Above by 17.7% | MA turning=Yes,MonthlyDoubleBottom+MonthlyStage2,Uptrend,True,False,Uptrend,True,Stage2,3,Uptrend,Uptrend,619.4,526.3,456.31,526.49,1862.2,1730.62,2802.23,2284.37,179.4,67.2,18.91,13.71,3.2,0.83,14.37,60.0,35.72,900.0,3,buy,18.4,24.7,1.26,24.0,0.31,19.83,11.08,9.89,7.61,13.52,28.86,22.67,16.36,43.2,0.4,lumpy earner,0.01,,7.46,,-11.45,-0.32,58.77,0.18,,3.68,0.45,3.65,0.33,907.0,471.2,31.7,31.5,19.34,-1.46,1.21,0.36,5,26.0,26.5,14.0,4.0,70.5,BUY ⭐⭐⭐⭐,Expected ~67% CAGR (2yr) | Profit CAGR 23% | ROCE 25% | ROCE trend rising ↑ | Nearly debt-free | Promoter 59% holding,None identified,2-3 years,Medium,"yfinance, screener.in",100,165,,2026-07-15,2026-06-01,44,0.0,6,0.0
MOTHERSON,Samvardhana Motherson International Limited,Consumer Cyclical,Auto Parts,150797.0,Large-Cap,MonthlyDoubleBottom,Forming,1.0,42,Sep 42mo | Mid rally 191% | Asymmetry 3%,MonthlyCupHandle+MonthlyDoubleBottom,Uptrend,True,False,Tight-Above-MAs,True,Stage2,3,Uptrend,Uptrend,131.49,65.07,21.99,111.77,237.85,253.82,431.87,320.5,93.0,38.9,39.02,21.78,3.68,1.12,15.06,35.0,-6.87,153.81,21,buy,11.2,13.4,1.83,10.0,0.49,3.08,4.24,10.95,17.02,17.06,-1.45,34.75,21.1,42.5,0.15,highly inconsistent earnings,0.44,,1.06,,3707.91,2.46,48.6,0.0,,12.45,0.7,21.08,-0.49,155.25,89.7,15.3,46.6,35.8,112.19,0.55,1.02,6,24.0,28.5,10.0,8.0,70.5,BUY ⭐⭐⭐⭐,Expected ~39% CAGR (2yr) | Revenue CAGR 17% | Profit CAGR 35% | ROCE trend rising ↑ | Piotroski F=6 (above average quality) | FII buying +0.7% ↑,Earnings due 2026-08-13 | Pattern still forming (not broken out),2-3 years,Medium,"yfinance, screener.in",100,287,2026-08-13,2026-07-15,2026-06-01,44,0.0,6,-1.0
SUPRIYA,Supriya Lifescience Limited,Healthcare,Biotechnology,6878.0,Small-Cap,MonthlyStage2,Stage Change,1.0,24,10-EMA=795 | 30-EMA=661 | Above by 30.1% | MA turning=Yes,MonthlyDoubleBottom+MonthlyStage2,Sideways-Above-MA,True,False,Constructive,False,Stage2,6,Uptrend,Uptrend,860.3,661.24,544.21,731.25,2014.26,2954.92,4334.87,2954.92,243.5,85.3,32.89,21.47,5.74,0.7,23.15,12.0,18.56,940.0,2,strong_buy,19.06,,,32.23,,25.26,13.45,50.2,,,46.7,,,47.3,0.5,insufficient history,0.01,,4.4,,-15.58,-0.23,68.3,0.0,,5.16,-0.03,5.7,0.7,1085.0,545.5,20.7,57.7,32.89,182.86,0.95,0.63,4,33.0,22.5,8.0,7.0,70.5,BUY ⭐⭐⭐⭐,Expected ~85% CAGR (2yr) | Revenue CAGR 50% | Profit CAGR 47% | Nearly debt-free | Promoter 68% holding | OPM 32%,None identified,2-3 years,Medium,"yfinance, screener.in",70,56,,2026-07-15,2026-06-01,44,19.4,6,4.0
AUBANK,AU Small Finance Bank Limited,Financial Services,Banks - Regional,80232.0,Large-Cap,MonthlyDoubleBottom,Forming,0.647,39,Sep 39mo | Mid rally 71% | Asymmetry 6%,,Uptrend,True,False,Tight-Above-MAs,True,Stage2,12,Uptrend,Uptrend,1072.1,811.12,460.2,911.28,1485.28,2187.91,5713.44,2913.09,104.1,42.9,30.58,17.69,4.01,0.32,,9.0,25.99,1100.14,28,buy,22.3,12.4,,35.55,,21.37,,18.49,28.91,,208.5,96.13,,65.2,0.4,lumpy earner,,,,,,,22.76,-0.03,,37.27,0.82,31.3,0.03,1090.4,682.15,1.7,57.2,50.21,22.86,0.31,,1,27.0,24.26,9.0,10.0,70.3,BUY ⭐⭐⭐⭐,Expected ~43% CAGR (2yr) | Revenue CAGR 29% | Profit CAGR 96% | ROE 22% | OPM 36% | FII buying +0.8% ↑,Earnings due 2026-07-21 | Pattern still forming (not broken out),2-3 years,Medium,"yfinance, screener.in",70,109,2026-07-21,2026-07-15,2026-06-01,44,10.3,6,6.0
